{
    "epoch": [
        2,
        3,
        4,
        5,
        6,
        7,
        8,
        9,
        10,
        11
    ],
    "train_loss": [
        1.8275429010391235,
        1.450666069984436,
        1.117061734199524,
        0.9058119058609009,
        0.7810501456260681,
        0.6917245388031006,
        0.6195117831230164,
        0.5574000477790833,
        0.5016649961471558,
        0.45170488953590393
    ],
    "train_accuracy": [
        0.3319079577922821,
        0.5762574076652527,
        0.6609652042388916,
        0.7047444581985474,
        0.7389533519744873,
        0.766849935054779,
        0.7969863414764404,
        0.8218285441398621,
        0.8501323461532593,
        0.8711056709289551
    ],
    "val_loss": [
        1.6531710624694824,
        1.304758906364441,
        1.0526401996612549,
        0.9241663217544556,
        0.8534678220748901,
        0.8083036541938782,
        0.7772247791290283,
        0.7555695176124573,
        0.7392446994781494,
        0.7273691892623901
    ],
    "val_accuracy": [
        0.5,
        0.5781759023666382,
        0.6376221776008606,
        0.6490228176116943,
        0.6636807918548584,
        0.670195460319519,
        0.6791530847549438,
        0.6905537247657776,
        0.6962540745735168,
        0.7019544243812561
    ]
}