{
    "epoch": [
        2,
        3,
        4,
        5,
        6,
        7,
        8,
        9,
        10,
        11
    ],
    "train_loss": [
        2.0240206718444824,
        2.0079259872436523,
        1.9956905841827393,
        1.9855163097381592,
        1.9763216972351074,
        1.967204213142395,
        1.9575386047363281,
        1.9496322870254517,
        1.9423630237579346,
        1.9354170560836792
    ],
    "train_accuracy": [
        0.14767225086688995,
        0.14729981124401093,
        0.1471135914325714,
        0.14767225086688995,
        0.14804469048976898,
        0.148417130112648,
        0.15027932822704315,
        0.1510242074728012,
        0.1523277461528778,
        0.15456238389015198
    ],
    "val_loss": [
        2.0328116416931152,
        2.0197672843933105,
        2.0092761516571045,
        2.000136375427246,
        1.990916132926941,
        1.9802480936050415,
        1.9709234237670898,
        1.9641996622085571,
        1.9583168029785156,
        1.952821969985962
    ],
    "val_accuracy": [
        0.12211466580629349,
        0.12285926938056946,
        0.12285926938056946,
        0.12211466580629349,
        0.12137006968259811,
        0.12062546610832214,
        0.12285926938056946,
        0.1243484765291214,
        0.12509307265281677,
        0.12881608307361603
    ]
}