{
    "epoch": [
        1,
        2,
        3
    ],
    "loss": [
        0.3607540428638458,
        0.12276183813810349,
        0.053625717759132385
    ],
    "categorical_accuracy": [
        0.6685557961463928,
        0.8077240586280823,
        0.8738927841186523
    ],
    "matthews_correlation_coefficient": [
        0.5748173594474792,
        0.7533358335494995,
        0.8384552001953125
    ],
    "val_loss": [
        0.14805546402931213,
        0.082574762403965,
        0.07334809750318527
    ],
    "val_categorical_accuracy": [
        0.7876876592636108,
        0.8078078031539917,
        0.8009008765220642
    ],
    "val_matthews_correlation_coefficient": [
        0.7289618253707886,
        0.7541943192481995,
        0.7475522756576538
    ]
}